{"_step":9,"epoch":10,"train_loss":339.9130640178919,"_timestamp":1.7708350702828393e+09,"_wandb":{"runtime":3931},"_runtime":3931}